35304	Bunyamwera virus	no rank
35304	Bunyamwera virus	no rank
35304	Bunyamwera virus	no rank
169696	Hollyhock leaf crumple virus satellite DNA	species
756759	Okra leaf curl betasatellite	no rank
169693	Okra yellow vein disease associated sequence	species
304222	Cotton leaf curl Gezira betasatellite	no rank
2170125	Porcine associated porprismacovirus 9	species
2480195	Ecklonia radiata-associated virus 5	species
2660760	Emaravirus kiwii	species
2660760	Emaravirus kiwii	species
2660760	Emaravirus kiwii	species
2660760	Emaravirus kiwii	species
2660760	Emaravirus kiwii	species
2660760	Emaravirus kiwii	species
